label,in_change_file_r,out_change_file_r,in_change_loc_r,out_change_loc_r,NED,linear_weighted_sum
9,0.2776830560338909,-0.7918567066510144,0.052397265769907705,-0.91562368473766,0.016468704512372638,-0.22041032054502693
10,0.26507416518701965,-0.7163128370788775,0.040920988714388366,-0.9348732153058147,0.019362445414847163,-0.2212654643489314
11,0.29920207528272236,-0.84139031106667,0.044406798064542785,-0.9889822933677926,0.013574963609898108,-0.24117742966077024
12,0.3208971253480003,-0.6737982715774188,0.0506032399210468,-0.9382548789979696,0.015021834061135372,-0.21359617088017727
13,0.5527255462234634,-0.8015618070508107,0.27603770193397115,-0.9902276293523152,0.048299854439592435,-0.15625382150903297
14,0.40603292969997073,-0.66209309255375,0.05095918257477636,-0.986631358031968,0.013574963609898108,-0.21605763315802534
15,0.556775216741491,-0.8985671207730455,0.38824181606602765,-0.996,0.042512372634643386,-0.14555658963693272
16,0.5147881604182062,-0.7391154078730025,0.24125929877476754,-0.954430813430004,0.03817176128093159,-0.15801991026385784
17,0.5943586739406168,-0.8290408369725476,0.23391439877614095,-0.9885102937149927,0.04685298398835517,-0.16255070293964785
18,0.6205451256061967,-0.7861460006773956,0.3571750538921866,-0.9699301274953914,0.0700029112081514,-0.11974396329689299
19,0.5258539181617848,-0.7028910946631793,0.12068895348813087,-0.8714968365991094,0.1134090247452693,-0.12702733276640407
20,0.512049116713275,-0.6718601959518808,0.09050653553376715,-0.9360813801389442,0.03817176128093159,-0.17769857586619364
21,0.6141262393114041,-0.7592763207767036,0.22354990024692128,-0.9162873814730609,0.12064337700145561,-0.11041575203089743
22,0.5996258935330625,-0.7950243855235717,0.32881185513424077,-0.9107523418661241,0.17562445414847164,-0.07025640839733444
23,0.5816981087588594,-0.8337853775565125,0.16398240419488622,-0.9302360835339889,0.16404949053857354,-0.11519127889273183
24,0.5770207160744166,-0.7794876329537719,0.289357562100516,-0.9580450063536861,0.1524745269286754,-0.0989707728654776
25,0.6207745284215889,-0.7961607299560375,0.21179280257333574,-0.9771637871996977,0.11919650655021835,-0.1289630130694257
26,0.6308956810163325,-0.6921924344928597,0.3703775492696058,-0.7534836428379486,0.133665211062591,-0.03424186943257856
27,0.6413902606542651,-0.8542936792802478,0.3199975437798931,-0.90311705192238,0.23205240174672492,-0.0470286187974861
28,0.6888887244866962,-0.7854167451916775,0.3781941248148235,-0.7687354039450693,0.16694323144104803,-0.023670369446055106
29,0.65361656875733,-0.8546122787791786,0.36129729881553574,-0.8206624244790864,0.22192430858806408,-0.023895242670283395
30,0.6529130137366833,-0.6916870069137998,0.4634016304020566,-0.7630761541926571,0.23928675400291122,0.02756451068074127
31,0.7609194944312675,-0.5894423223668288,0.33099402064702305,-0.8005328431409593,0.35648326055312957,0.0610075746749737
32,0.7058658546670884,-0.7294079055882423,0.33894516541419656,-0.8200167289403671,0.2899272197962155,0.014712551701897808
33,0.6883997103739842,-0.8556436219624313,0.4527957967630516,-0.7716680822463223,0.30005531295487625,0.04029663291365804
34,0.7433839021098176,-0.5229604715683646,0.5089708617868148,-0.6866719553420324,0.2552023289665211,0.08096290683101354
35,0.6886808322772725,-0.6633652915576137,0.34187869156188805,-0.9161778294333391,0.4186986899563319,0.05098254938717167
36,0.7080815232386057,-0.5471977626797526,0.48248911922877563,-0.7053162575174967,0.32320524017467245,0.09515074674422022
37,0.6593649797390807,-0.7258541877957814,0.34360490969657576,-0.8320515516617949,0.3101834061135371,0.017266936985499998
38,0.6352787864333564,-0.669041762683217,0.26805917741456836,-0.8603500443458201,0.4114643377001456,0.04102121071417078
39,0.716430166480356,-0.7527048549495965,0.4355401556697335,-0.7642693926488259,0.4331673944687045,0.10472134478655856
40,0.7939095632240479,-0.626943450260643,0.5554524348625491,-0.695224745138418,0.485254730713246,0.18127718717658656
41,0.7129721599021636,-0.6783657509588102,0.4163914628933891,-0.8163794681942822,0.5720669577874818,0.15281809307987113
42,0.7492748637071411,-0.6241653701374446,0.3434437446330044,-0.8625857068972443,0.6516448326055312,0.16946801615017576
43,0.7813366256218851,-0.5755634923379997,0.5194416043399599,-0.6877787992298721,0.6747947598253274,0.2581575566789567
44,0.7590102270495224,-0.6872832646807395,0.5516024341283267,-0.6253204241850593,0.5011703056768559,0.19508759480599613
45,0.7342558398026077,-0.5580655327036109,0.3699333074878334,-0.7975770544237316,0.6545385735080058,0.19370600222152737
46,0.7666659351543664,-0.742344788733498,0.38779301043126296,-0.7655091023489053,0.5807481804949053,0.1627462295546856
47,0.714106463373382,-0.6769117651896831,0.4118930821102993,-0.765414662129677,0.6747947598253274,0.20661430501450445
48,0.6890836483453724,-0.7589521470332016,0.32103188087644735,-0.8949102120068834,0.6516448326055312,0.14234195577045788
49,0.7382597455011057,-0.7019348334730966,0.44571145706330645,-0.7392085433658181,0.601004366812227,0.1883797934258059
50,0.7754183491266506,-0.5608256093440516,0.44033132270178527,-0.7333333182208484,0.7210946142649199,0.25294234638992874
51,0.7749391167994238,-0.5492258389345828,0.4433770428167569,-0.7370348107842719,0.7717350800582242,0.27471947560669935
52,0.6991655565918097,-0.7552190290385348,0.4308780014858793,-0.732867459726617,0.6791353711790393,0.2120909509859527
53,0.6787728750472815,-0.7558809908806985,0.2598155767425699,-0.8686699154191886,0.7341164483260553,0.1704394668960731
54,0.8124887835776836,-0.49117261804479273,0.511442986503183,-0.7227348810744763,0.7876506550218341,0.3052961231435639
55,0.7712293934195397,-0.6388626002159649,0.4050492700916516,-0.7659678103264496,0.7456914119359535,0.24310220917891812
56,0.81421752510934,-0.6261416952682451,0.45465352459497077,-0.6990472991475145,0.8353973799126637,0.3100223894458166
57,0.7307749172108333,-0.778251209523254,0.2990910425459902,-0.851485335126173,0.7876506550218341,0.20738218090366659
58,0.7420107337705981,-0.6670869435269418,0.3713583760837426,-0.6952403413982038,0.760160116448326,0.25376262728959553
59,0.7275591997978084,-0.6882825805076951,0.9254921146697748,-0.474117523022642,0.7659475982532751,0.40747990762475095
60,0.7970471150844087,-0.70835798375329,0.4954915913376631,-0.7173326445354242,0.7775225618631733,0.2817007180062205
61,0.770334274952301,-0.6001899044708066,0.39484376965416584,-0.8096059553961881,0.781863173216885,0.24934825075617975
62,0.8122347653103981,-0.6979182057999838,0.5030024209532342,-0.6760682455498045,0.732669577874818,0.2757632676371309
63,0.9088639429701374,-0.4553148601429225,0.4575205945511176,-0.7106617693371629,0.8672285298398835,0.3428811850234167
64,0.8154050923683184,-0.6164977899344325,0.3951500035938777,-0.7320510627306127,0.82671615720524,0.2885805121875643
65,0.850336386679947,-0.5226952925206894,0.365745063326118,-0.7536766337295394,0.9800844250363901,0.3526776577051869
66,0.7992836262536587,-0.555013363633296,0.46950173802677436,-0.7397751682510395,0.9308908296943231,0.3475886234859189
67,0.8189600946413019,-0.477056855977576,0.37038952916004775,-0.7662478917110914,0.9308908296943231,0.3305581769594085
68,0.8716031314728373,-0.645902243483405,0.3525893405413995,-0.7873448872319804,0.9106346433770015,0.3064455165311216
69,0.8461746938218814,-0.6522824640059968,0.5052165751117453,-0.7052146917611685,0.8903784570596798,0.3423143932917154
70,0.7591189598832142,-0.7370308273893247,0.3258230957118423,-0.7785133522022943,0.8165880640465794,0.24660313447796356
71,0.8079469382775145,-0.6269030513391313,0.31694062251766564,-0.7924547542490974,0.996,0.3297292737890468
72,0.7405349859691406,-0.8036622801470552,0.35987861183977415,-0.813986136259353,0.9222096069868996,0.282670465244215
73,0.7911119781589901,-0.5604392410137271,0.4425529602234625,-0.7075275413406703,0.9439126637554586,0.35398665349452607
74,0.8554796230424752,-0.8416996955206847,0.5565598187412863,-0.6543575547968302,0.9164221251819505,0.36115168735219655
75,0.7784510463971335,-0.7176681700834586,0.32445402526107536,-0.7277349787636774,0.870122270742358,0.2833832138870316
76,0.8231038941394884,-0.6844764595619337,0.43396042331460033,-0.7041282806404372,0.9337845705967978,0.342707569042791
77,0.7890455153983092,-0.7605357998509097,0.5037106152582977,-0.7000324797065712,0.8961659388646288,0.3322070831058847
78,0.8247936905173416,-0.5729775132244767,0.4524532109263385,-0.7313831145383259,0.8831441048034934,0.32731369639467783
79,0.837265500439617,-0.6509061677012793,0.5580155109289322,-0.676146701174026,0.9439126637554586,0.3804869451139109
80,0.8024548935908263,-0.7854784890335678,0.45362919678194286,-0.7331557842300821,0.9005065502183406,0.3165657477869308
81,0.9193021409199672,-0.6294151170238529,0.3641268701731703,-0.7425523796781514,0.9352314410480349,0.33466663694430987
82,0.8162085070635042,-0.6222864314393208,0.40399923717939684,-0.7223276978545394,0.9786375545851529,0.3557195419110296
83,0.8036072470638503,-0.6485891335194398,0.39939731631106745,-0.7281480563466477,0.9222096069868996,0.32677185843246337
84,0.78125098486722,-0.8245319706142584,0.37917244964036967,-0.7763934682608542,0.9062940320232896,0.29035067566740713
85,0.8280062997147424,-0.6440981740156974,0.3803767364738904,-0.711043376456212,0.9641688500727802,0.34721147973139266
86,0.872636843129095,-0.5449568244949579,0.3217570227642014,-0.7488426803557902,0.9482532751091703,0.332559708182221
87,0.8208366743243507,-0.7753910451888341,0.39091733281512286,-0.7218498466125483,0.8874847161572054,0.30426112424767404
88,0.8178746723468808,-0.8313568329447865,0.441192180192451,-0.7098931386307463,0.8194818049490538,0.28352762960836786
89,0.7559411205553233,-0.731823266947883,0.32107989079876686,-0.8023943109297222,0.9062940320232896,0.2780328806675618
90,0.9083872437585153,-0.8241084245109065,0.3473346929422732,-0.6790063653156473,0.8498660844250363,0.2944876276781747
91,0.8688408417845886,-0.679066555875223,0.6647343426286498,-0.5705065246262219,0.8976128093158661,0.4057834690328227
92,0.9306320124374675,-0.6187142324575123,0.3751646803004377,-0.7912228926436179,0.9178689956331877,0.3204578304950837
93,0.7869154551719828,-0.644285148164768,0.36925104050124957,-0.7511284524503514,0.9583813682678312,0.32983122516298474
94,0.9327937353469327,-0.6652988548933801,0.3759986535497499,-0.7105052691206732,0.9612751091703057,0.35360210522099234
95,0.8862654569299611,-0.6452477125032411,0.34029452870133287,-0.8047693721556821,0.9251033478893741,0.30771684929106213
96,0.7939975942356144,-0.7153000303874371,0.6574581825039204,-0.6081133050523275,0.880250363901019,0.378983348407135
97,0.8931203039228763,-0.6877661151577353,0.41693673636991563,-0.6527090268392396,0.974296943231441,0.3743168778195311
98,0.8886409871996309,-0.6063080357963977,0.6592008801057985,-0.03641734501070959,0.9757438136826783,0.5641537316041726
99,0.9488917996703246,-0.5188180718327574,0.39277094388398054,-0.6465001282804345,0.9294439592430858,0.3701193992922801
100,0.8426905424935578,-0.6947878703715156,0.6526344519920115,-0.5953238384869347,0.9540407569141193,0.41795509607230424
101,0.8347739137753962,-0.7687885850389868,0.996,-0.5886870178792603,0.9497001455604076,0.47631883644856454
102,0.898475164724502,-0.6529939955502668,0.4693109452824093,-0.6370460145372118,0.870122270742358,0.34716136726723446
103,0.8090091612315188,-0.6427907916107574,0.3247905828051033,-0.7259399034420028,0.9627219796215429,0.3310691655238259
104,0.8500758864496659,-0.6706666922220093,0.6735821897866083,-0.5928434487994562,0.886037845705968,0.3964653862359967
105,0.868394743068383,-0.5960635512220699,0.6882757496120435,-0.7502781801648762,0.9583813682678312,0.4016001296777403
106,0.8937836172653015,-0.4575317913843144,0.35781579889680776,-0.6675936668940677,0.9294439592430858,0.35813648190236386
107,0.904419041225966,-0.7455726791399783,0.45196778721199893,-0.6903371233253348,0.9062940320232896,0.3408215925432687
108,0.9196898658495888,-0.6031208178894114,0.4422381918069129,-0.6867783961854212,0.8672285298398835,0.3354040562039088
109,0.792129466557308,-0.844757670887918,0.5937182475390571,-0.6077739634485453,0.8788034934497816,0.3566348258530536
110,0.8357977677033875,-0.7937957557825153,0.41476485317770345,-0.6939163675368727,0.913528384279476,0.3259745404391021
111,0.8490426556392311,-0.8660464298682475,0.7202765484144422,-0.6755843217986384,0.913528384279476,0.3837392285571602
112,0.8592732330232951,-0.7944306562170661,0.37946043787828665,-0.20164129407021922,0.8947190684133915,0.42366398845628894
113,0.860383263850424,-0.6942907744949676,0.33929569790661784,-0.6897870020007935,0.919315866084425,0.3247413482949334
114,0.953613232012372,-0.6060409785628316,0.460577689577352,-0.6450145324669442,0.9048471615720524,0.3669527770900406
115,0.8385669897895409,-0.7476062598098385,0.5533437813770591,-0.628338983891743,0.8657816593886463,0.350522048749336
116,0.8418340016122302,-0.7121104307599742,0.37752905175219437,-0.6341821657400349,0.9251033478893741,0.34376014062840576
117,0.8694657021982032,-0.7606199288422081,0.5273440089464841,-0.5281369242678708,0.8686754002911208,0.3711739862743405
118,0.8838472510917289,-0.5970259321262124,0.6592690184555454,-0.6911638397555794,0.8961659388646288,0.384655794706912
119,0.9915256397892779,-0.6695680670627369,0.4002574897173617,-0.6217918665858034,0.8672285298398835,0.3438493320294971
120,0.8780300486201308,-0.7665524760517944,0.6096033787571609,-0.595702441901134,0.8614410480349344,0.3689572319162192
121,0.8492642983943584,-0.6915846854227413,0.6907715981996081,-0.5203383169483307,0.7963318777292576,0.3767220412532484
122,0.96537202284642,-0.6874914669134907,0.5713550615919993,-0.6117657792341075,0.880250363901019,0.3801051592574277
123,0.996,-0.6589934638381543,0.36151223902389784,-0.7829991367673014,0.8585473071324599,0.29804369641838546
124,0.8259644885634396,-0.7443440209137079,0.34397980329096156,-0.6803561565184741,0.8455254730713246,0.2898696120283573
125,0.962389503628768,-0.7477335878584586,0.43976067814686626,-0.5359138282331773,0.864334788937409,0.36077239039706177
126,0.8359834575472286,-0.7819564746258746,0.6570118147628929,-0.6544566938147414,0.8614410480349344,0.3596776477253108
127,0.9118605763827111,-0.6500051228391599,0.7311551089491167,-0.6798890429951064,0.8281630276564775,0.37099827495154647
128,0.8794755071872774,-0.8476196075629152,0.3697023788384022,-0.5943709971094556,0.815141193595342,0.2986273698770784
129,0.812956995429643,-0.7639085318531724,0.3578970112635598,-0.5415468465160452,0.8455254730713246,0.3208647376842505
130,0.9410490547967285,-0.8607784503192376,0.7352253063919835,-0.6947303801792484,0.8079068413391557,0.34710239767087847
131,0.8833442477081467,-0.7547150912068431,0.5238910109753668,-0.5331808625469991,0.8585473071324599,0.3668962904133952
132,0.906480987631573,-0.7365115349863457,0.5803269329805795,-0.4378850385081024,0.831056768558952,0.3908903427423576
133,0.857000221264612,-0.6683241805036079,0.40561568184395447,-0.5588269610887293,0.7876506550218341,0.3130116998115968
134,0.8356789146322456,-0.7458364255400627,0.4095100553755348,-0.6470233425154976,0.8296098981077147,0.3038521226985541
135,0.8495633783498022,-0.5916659743717608,0.6031050959888613,-0.25409625887214704,0.82671615720524,0.4398387854835454
136,0.9113680815904357,-0.6758434547838379,0.5134284424735266,-0.12042697203673407,0.8599941775836972,0.46630551422775857
137,0.8976129812943235,-0.671926451871243,0.30589210230841385,-0.6393826326855983,0.7890975254730713,0.2803108780801381
138,0.8787584007071916,-0.7408143822960178,0.3258507788785006,-0.6947550973936424,0.8006724890829694,0.26967121010471107
139,0.9743804273272487,-0.6699358009834729,0.386974561161067,-0.6615970316826408,0.8136943231441047,0.30836574505155556
140,0.9450416376287151,-0.6637980462788585,0.4027427308304611,-0.6623095255287496,0.8050131004366812,0.30523933509739976
141,0.8838466392876974,-0.6900660722426367,0.49828294164869663,-0.12124180257656372,0.8469723435225618,0.4541555641635101
142,0.8875187972428091,-0.6779215845589297,0.4948231782518521,-0.129050225899589,0.8469723435225618,0.4530011884612032
143,0.9413640874855942,-0.8205612338109826,0.5042671328820386,-0.6663428283095465,0.8064599708879185,0.3121814902173705
144,0.8826207130322615,-0.6950985376626053,0.6139476196833625,-0.5476336735957652,0.7789694323144104,0.3517033843824947
145,0.9118063229533605,-0.7413509405819015,0.6380161699140625,-0.46215897818292656,0.7804163027656478,0.3752995675422457
146,0.9425117042836684,-0.6476317678117705,0.35839877926217656,-0.5360041962700783,0.7890975254730713,0.3193891906159133
147,0.8562372027456528,-0.8698213508113306,0.3750672380626583,-0.7197682207064382,0.7775225618631733,0.2520061021849801
148,0.8644635019122546,-0.8466057061622536,0.42351357282647145,-0.6364004431943384,0.781863173216885,0.2841225213937819
149,0.850896000082109,-0.8283477007696446,0.5538658259809586,-0.6161309272089239,0.7977787481804949,0.32004369385347253
150,0.8643861826486843,-0.784090103331944,0.6043244956041557,-0.15208523292985202,0.7775225618631733,0.42941523326945563
151,0.9035631564336141,-0.6013232665507438,0.7677175392175851,-0.5008364600937657,0.7080727802037845,0.37046423349078794
152,0.8327834267630385,-0.7807879067073872,0.3142407976643609,-0.5571970133998577,0.7616069868995633,0.2745734678982442
153,0.8474150066146661,-0.8465242662643048,0.5250531080332171,-0.6033502026369005,0.7196477438136826,0.28304732143376765
154,0.8591702109871641,-0.7886804719310335,0.6356830840893732,-0.5466431883442423,0.7630538573508007,0.3402238566315059
155,0.8572179131956877,-0.8055828004314607,0.35519663206686175,-0.5815337820077348,0.7095196506550219,0.2555220925618998
156,0.995207358628072,-0.5913294077465543,0.3943785728387235,-0.4997489375606072,0.7196477438136826,0.3143445200598839
157,0.8421589512550564,-0.8702235737931396,0.4313903360979508,-0.5286023748292654,0.7587132459970888,0.2961658755815737
158,0.8706397861159471,-0.7642066989376513,0.608362510581742,-0.5266245379757273,0.7456914119359535,0.33515503581192485
159,0.9489170636804767,-0.7626204628111392,0.32171206014867076,-0.6334192405283192,0.6878165938864629,0.2403254996200422
160,0.8782506704243814,-0.6507937901910447,0.5275778407760465,-0.08922530462427745,0.7312227074235808,0.4207445061635735
161,0.9029205753867457,-0.7585394576374318,0.33702443741593446,-0.6300957379029426,0.7066259097525474,0.2478089457478194
162,0.8706154373290415,-0.8343497057499701,0.558007842753794,-0.25890697956203046,0.7384570596797672,0.3772693929008914
163,0.8571264945613889,-0.8398819447974986,0.5833011962553176,-0.3272997816095441,0.7124133915574964,0.3541664207385223
164,0.8555479734135638,-0.7284990134951194,0.5877102580516249,-0.07218932120324573,0.7153071324599709,0.4213599222173117
165,0.8480296217729597,-0.7776065956103148,0.5308446543075314,-0.42612077687326805,0.748585152838428,0.3410587961676469
166,0.9458239691328084,-0.5948506557317692,0.5350773037585569,-0.5344478052550223,0.683475982532751,0.313118993849984
167,0.8654342679439136,-0.8020739389665623,0.46711197755202727,-0.6364826326931002,0.7370101892285298,0.2769480388394401
168,0.8418069067734948,-0.8008725579732214,0.47270271482808324,-0.5051394172771818,0.6820291120815138,0.28220282092148635
169,0.8860776585845169,-0.8279474605244771,0.6105346937843638,-0.20671426399921994,0.6921572052401747,0.3814082879656636
170,0.902929442716116,-0.7657553838690019,0.5044183710788736,-0.16188796673513667,0.6791353711790393,0.37210736194619126
171,0.883144482006595,-0.7716522438585325,0.3410544160407095,-0.26044287610888633,0.7022852983988356,0.3265750205748635
172,0.8935793734546008,-0.7806387829606728,0.46870585289602695,-0.0686048289003242,0.7124133915574964,0.3981707566183627
173,0.8678292631207486,-0.7373062437228761,0.5620630993987383,-0.0915582374936573,0.6776885007278021,0.3969253043159198
174,0.8355585582583165,-0.8423146077980315,0.5364007833568527,-0.2738303821578104,0.6704541484716158,0.3374625391333209
175,0.9117291045023844,-0.8603942495744146,0.8754967767239686,-0.12530877482554448,0.7196477438136826,0.461244478743578
176,0.8877888898677188,-0.7899239058470526,0.6424284849112649,-0.2364303977855562,0.6487510917030568,0.3655879784202148
177,0.8453838760426495,-0.7425003467515305,0.7083513432473216,-0.2507036489326734,0.6603260553129549,0.3792250093051221
178,0.8615249625778227,-0.8628142754117721,0.5499871385687242,-0.39704615584389485,0.6936040756914119,0.3231072792663637
179,0.8555892000045886,-0.8509416880422854,0.3767441379827625,-0.1687155115319653,0.6661135371179039,0.330209601799658
180,0.8735934833143818,-0.8097806159508478,0.684176099096496,-0.531176556277982,0.6733478893740902,0.31506825412885264
181,0.8565867701679171,-0.7500709665633145,0.37304740420359705,-0.1333931304281891,0.6212605531295488,0.32618492571197266
182,0.8644547071488358,-0.8103569462828871,0.31706627034213986,-0.5898028127303269,0.6473042212518195,0.22072784665620265
183,0.871472460532497,-0.7351416072044991,0.35498868779708803,-0.16281981177849475,0.6125793304221251,0.31506281236573774
184,0.8452457906839279,-0.9166082955586271,0.38492920875443964,-0.2328434473108303,0.6950509461426492,0.3237007044878149
185,0.8840566346122537,-0.7329302037640796,0.5583842044369216,-0.18332180909080092,0.6429636098981077,0.36301727913163295
186,0.8692133440721018,-0.8075720146596965,0.4442596524169304,-0.20596228684161624,0.6704541484716158,0.3409628949530816
187,0.840277620982211,-0.8365488231951899,0.293039033763333,-0.14128963963455837,0.6429636098981077,0.3104388749481172
188,0.8403786632898839,-0.7583246999853077,0.3011065053280684,-0.17683869603480692,0.622707423580786,0.3013332594532149
189,0.8975080681559232,-0.7573199673440283,0.4659623153244311,-0.43061870410251385,0.6067918486171762,0.27455127465777274
190,0.8500212696332591,-0.8029486372584964,0.3598498704687251,-0.23439550003062193,0.6429636098981077,0.30566018919176047
191,0.8312720799418326,-0.771599537403758,0.25720204589638235,-0.2960997019950993,0.6067918486171762,0.2578537784586712
192,0.8334158604737122,-0.7732635922513328,0.3265480211205626,-0.5438257905871954,0.5908762736535662,0.20898324307797506
193,0.9114815021678812,-0.8374831855085749,0.6836478740907815,-0.13700861454285823,0.6458573508005823,0.39311272130562286
194,0.9049012687902196,-0.7661026106103179,0.8708197694065063,-0.1340180713446186,0.6096855895196507,0.4186869900490629
195,0.8765460551300218,-0.8099209377826626,0.4783421322400409,-0.0898409180493301,0.5662794759825327,0.33024900556042625
196,0.740863738900163,-0.8984372222743301,0.37179333975209095,-0.13581652568537778,0.6198136826783115,0.302897385775758
197,0.8261597180616137,-0.7998676359046643,0.6523356000923671,-0.27243994647949665,0.6096855895196507,0.3364955340062823
198,0.833004863673217,-0.8331431703731895,0.2942315039006689,-0.21775311811312978,0.6270480349344977,0.2864652259625751
199,0.8602455491841692,-0.8465805964521774,0.638234630826204,-0.139545290420088,0.5865356622998544,0.35360156384446606
200,0.7849481002469701,-0.8691742334743359,0.5575305329418523,-0.3123434045778701,0.622707423580786,0.3060814688529547
201,0.8489605531182561,-0.7932203500470936,0.46100245545228963,-0.1699862600691252,0.6140262008733625,0.32768738979438117
202,0.7861430415109053,-0.9439755289769676,0.45428617246090824,-0.11828969530345947,0.5821950509461425,0.30755167846818876
203,0.8668765380898238,-0.8775952542779839,0.33228671612723026,-0.24765677128425004,0.5952168850072781,0.2735402514277614
204,0.7970410489611942,-0.8414541208614952,0.5208749216394085,-0.13156988499259525,0.5662794759825327,0.31912764227105733
205,0.8640879707168776,-0.8505008339386848,0.289247331858577,-0.16667896075636798,0.5778544395924309,0.27798001959644725
206,0.8553393280081673,-0.6940084612328247,0.5160033115112711,-0.06535281785435626,0.5821950509461425,0.35610023780212874
207,0.8066884788897567,-0.7908890797329186,0.27570026739603043,-0.28194831757904665,0.5923231441048035,0.25470760943750054
208,0.8661694524562871,-0.7436593851913852,0.39645634398070334,-0.5035500841394503,0.5532576419213974,0.22072999604508808
209,0.7760083734157317,-0.7240153373993609,0.41364790866577783,-0.19087308406575007,0.5778544395924309,0.29715665624088516
210,0.8499666180841726,-0.8046295611062446,0.3370981196959796,-0.22532060984947982,0.5330014556040757,0.2571911714008298
211,0.8162881627640434,-0.7368545970366087,0.41127798417027756,-0.017403163415025787,0.5243202328966522,0.31591834198625895
212,0.8381203934691207,-0.891291068074666,0.3505420606640099,-0.38349520337592785,0.5547045123726346,0.22591914854260556
213,0.7656134886514012,-0.996,0.47255847136430307,-0.11797609112908738,0.5604919941775838,0.2961952242788652
214,0.8139764463082593,-0.8180867220394613,0.4469390396451931,-0.28149021480114883,0.5749606986899564,0.2785880786830772
215,0.8285678180851501,-0.8322883518095358,0.26080665233082295,-0.08593785292511603,0.5489170305676857,0.27653384557922706
216,0.9078615379357469,-0.692165029714143,0.5149639297151007,-0.19279220422298723,0.5301077147016012,0.3106749302799652
217,0.8762143990382985,-0.8446104221545141,0.4503363785303057,-0.009394695685644595,0.5474701601164482,0.33246142881803126
218,0.8368345545055622,-0.7838625171323369,0.5784155776962204,-0.13460273883562754,0.5547045123726346,0.33249903590411106
219,0.864320688769861,-0.8107327228254682,0.4220924502222654,-0.4852015623275165,0.5243202328966522,0.2124148078487429
220,0.8172764709871907,-0.8550033819396358,0.3906193484411474,-0.2395427610072479,0.528660844250364,0.25549875711952785
221,0.7679769491258085,-0.8840016893178638,0.32358541227571264,-0.13003522773176007,0.5662794759825327,0.27627344508488216
222,0.7949315102968444,-0.8544279733339847,0.3948926580577482,-0.16495738047331504,0.528660844250364,0.2709205455455648
223,0.750229227298192,-0.9130642420413186,0.2710419596413557,-0.10377885203378472,0.5575982532751091,0.2647461722245618
224,0.7598243290029042,-0.7088032266657717,0.32514772758468974,-0.10660226896450183,0.5489170305676857,0.28674427874455377
225,0.8294531440241989,-0.9007089117533589,0.5369889019200808,-0.10394671025892906,0.512745269286754,0.30459127419045334
226,0.8337254166544347,-0.7841633132200927,0.4491299362060136,-0.28408653609017454,0.5301077147016012,0.26400661163391276
227,0.8668971943924778,-0.8714279847000692,0.4518775816177104,-0.2528591437976622,0.5098515283842796,0.25968674217802123
228,0.7979433391347271,-0.9280626554410216,0.3773149514873161,-0.08210026696317256,0.49972343522561863,0.26883129804143147
229,0.7892141956170395,-0.8119020356106984,0.31625920456831064,-0.1382032803253748,0.5214264919941777,0.2616147758079472
230,0.7594841508994601,-0.7185947699663455,0.3871039849728981,-0.08831833683614315,0.5011703056768559,0.2817879865820284
231,0.7898803963105884,-0.9213650399813386,0.39575589732643557,-0.08083736205717323,0.49538282387190685,0.2705180805365797
232,0.7855005655748785,-0.8298863923524555,0.4427791459804089,-0.08349141935366691,0.4982765647743815,0.2863917546731505
233,0.7772487602257141,-0.8522328946156758,0.31139814193682697,-0.25764587155185964,0.4621048034934498,0.2050194002602333
234,0.7680157360384811,-0.7910768634657132,0.40127472494434246,-0.11499041526697898,0.5170858806404659,0.28060616155697315
235,0.8153493518227493,-0.7897091645790502,0.38451723596609977,-0.2078071370514105,0.47223289665211066,0.24245696956736384
236,0.8215507502882607,-0.8254405136243931,0.8056284888928007,-0.09633758385599175,0.5532576419213974,0.3788915138664234
237,0.8059376253696988,-0.8805794367275787,0.3850246682668262,-0.042465767008257466,0.4910422125181951,0.2797861759329546
238,0.7826617148562807,-0.8664318220111469,0.2833856662199783,-0.06569382419958414,0.47657350800582243,0.24816524416963331
239,0.805409805764839,-0.8615587797990574,0.5512835034574121,-0.13411569790554173,0.4707860262008734,0.2836029869188005
240,0.7954137303715572,-0.8493656353809697,0.39185680810799633,-0.13702094925157685,0.4838078602620087,0.25822358348338
241,0.8546998983820356,-0.6828935578874819,0.3052785559220355,-0.19981962926446556,0.40422998544395927,0.2123944739598212
242,0.764124273525947,-0.8657825985362616,0.6409979163011976,-0.022820369728845352,0.5199796215429403,0.3418566166248557
243,0.7651044860628072,-0.9401731840062242,0.4978936476760821,-0.08888919443368956,0.5026171761280932,0.28733183663232637
244,0.8056351350380897,-0.8335599951062129,0.46491865929133697,-0.13256068457982195,0.43895487627365354,0.2563803992582264
245,0.7434985027785482,-0.8797999466009178,0.2898598723175651,-0.27195362659867145,0.4548704512372635,0.1894921967072009
246,0.7792147895672463,-0.8065365484472253,0.3031774009565252,-0.07872991468504174,0.42448617176128095,0.23128337796085013
247,0.7804358869250572,-0.8333514106302626,0.38528320972075253,-0.1456772699030023,0.4664454148471616,0.24754522120470118
248,0.7912767502919,-0.7342972293696156,0.3566266405488861,-0.07816950713910245,0.46065793304221253,0.26315730553895467
249,0.8035577526407739,-0.753995380343798,0.5381073854787459,-0.00982569378074715,0.47946724890829695,0.320334229785888
250,0.8216948678530122,-0.8690207360683432,0.4160072166472845,-0.07238994957106022,0.4548704512372635,0.26614178943773326
251,0.7338741363646838,-0.8900393753675665,0.3054958529574617,-0.11496804766470511,0.4678922852983989,0.23134175960364634
252,0.8260256672620755,-0.9017430976996675,0.6984556386603394,-0.11502748351621543,0.4201455604075692,0.29345221933748217
253,0.7329550953985129,-0.8388230262040899,0.27551028895825047,-0.1601014908676895,0.43027365356623,0.20352713226152525
254,0.7526910219222087,-0.9909622239890336,0.2866195794481639,-0.04649616283033333,0.4505298398835517,0.23010831415431093
255,0.7816563761034531,-0.7846489664443131,0.2509769285357276,-0.002,0.4288267831149928,0.2422405686011986
256,0.8353292868814336,-0.9360976292494486,0.4035869517370709,-0.23971863369068566,0.44908296943231446,0.22026899949666906
257,0.7364283394852704,-0.9164015524232049,0.28365975826125184,-0.25817942884632195,0.44908296943231446,0.18559737741648202
258,0.7624203843840457,-0.8557911471508474,0.25332941229080336,-0.13759762317726923,0.4100174672489083,0.19740066959588243
259,0.7253930657085188,-0.9259689183637374,0.3225071828942049,-0.2071392322958788,0.43172052401746724,0.19533318478130043
260,0.7449874059013635,-0.9410240471912423,0.4422879395106252,-0.17188189746628763,0.37963318777292576,0.20477764122737163
261,0.7345654502546209,-0.8922475301970579,0.2804305184470533,-0.13588933241221832,0.4259330422125182,0.2042475759528588
262,0.8510161398469293,-0.8655490815073537,0.6420114528512296,-0.15315057737968468,0.40422998544395927,0.27262459253156346
263,0.6698305787533634,-0.892009000823384,0.366475017884547,-0.10222503906133304,0.43027365356623,0.22377720588740213
264,0.7025841589196095,-0.8588988656461348,0.3502775177414819,-0.028796616012664922,0.3868675400291121,0.22449087202613588
265,0.7818314585749582,-0.830811416205006,0.39706156383201957,-0.10854151533211712,0.39265502183406115,0.22748302920836355
266,0.7361572425502073,-0.8726413233458052,0.3179919265986819,-0.1928962614243744,0.4201455604075692,0.1977804694447322
267,0.7974673139635675,-0.8799506706922795,0.3379011259159695,-0.15529788333734493,0.40857059679767105,0.21034312793308357
268,0.7564226579599566,-0.7053411421194454,0.485512331866866,-0.028213928488459952,0.3883144104803494,0.2672501282915559
269,0.7622661745525062,-0.8702361251218821,0.2686608911965008,-0.15402703018746844,0.4143580786026201,0.19735971503389185
270,0.6820110909320115,-0.9210943200181165,0.27349677707573666,-0.03833639565996038,0.4100174672489083,0.21099048344785348
271,0.7514504384580409,-0.9046045431012874,0.2793813519265303,-0.16063403965307624,0.39844250363901024,0.18767616966405476
272,0.7579471471741247,-0.8946328160339814,0.294280797562599,-0.14109766225536355,0.3521426491994178,0.17681686655507706
273,0.669615546991004,-0.8976087466376377,0.2464777707682984,-0.14099965062522749,0.36805822416302764,0.16591771305752
274,0.7745826486433954,-0.8506892497448638,0.5724271539129282,-0.0931625079428672,0.37963318777292576,0.25647021128842873
275,0.7831915427173147,-0.8306908415777856,0.4134142684742238,-0.1547344322660748,0.4114643377001456,0.22826284380458267
276,0.7223028533432957,-0.8504173024830638,0.2781018563152478,-0.19918869510916318,0.40857059679767105,0.1843214449359017
277,0.6956492998976512,-0.7983163838298457,0.28342626791342584,-0.11526317119741944,0.3622707423580786,0.18604462954845175
278,0.7274951533687658,-0.8766940095377541,0.316581287492122,-0.13551238793277445,0.4186986899563319,0.2086222907935868
279,0.7499699200559573,-0.8050774722610555,0.5880869401730623,-0.13167970085594913,0.34490829694323144,0.23732896280155744
280,0.7533760051958468,-0.9080877718737398,0.2670708372246538,-0.17469392132345216,0.4114643377001456,0.18758324529323175
281,0.6927075973050671,-0.8178012813651658,0.24805976285316172,-0.13995329313617988,0.3492489082969433,0.16666027324750493
282,0.7239837499560295,-0.9101667950394764,0.3969376395918176,-0.09719257144594677,0.39844250363901024,0.22108887974835617
283,0.7276540432483314,-0.8672774182258046,0.2566887613557573,-0.03512811352698325,0.3883144104803494,0.20772802694958642
284,0.7787609470417538,-0.7435329940274792,0.3991698943395033,-0.07762630871129308,0.3695050946142649,0.23127214501410562
285,0.7349065758190403,-0.9104072540235307,0.3016698709526904,-0.17974796271032978,0.36805822416302764,0.17289782528752656
286,0.7929500097934643,-0.8625416889280878,0.2257277178396827,-0.19044503617019523,0.3839737991266376,0.17183247469460666
287,0.75659889921646,-0.8181801289626813,0.41855641150064454,-0.05535313520026682,0.396995633187773,0.24381576618432918
288,0.7109621011773648,-0.9393641124450934,0.2539933435105848,-0.1369995043625474,0.3839737991266376,0.17570650884887748
289,0.679178613694013,-0.8281389877783515,0.2916044795320678,-0.050473584726698544,0.39265502183406115,0.21104539997927174
290,0.7406245636644732,-0.9305815981990213,0.3536831682587116,-0.08014648290070019,0.36371761280931586,0.2022312596317043
291,0.7609403578592832,-0.805473159448389,0.4275399850024836,-0.12250953842554442,0.347802037845706,0.21123946199496507
292,0.634081208454908,-0.8240460228591369,0.3736639578061729,-0.04208475260656993,0.3912081513828239,0.2238823007406408
293,0.6956858806565815,-0.9535996189500455,0.34415376180619983,-0.28450537933896053,0.34490829694323144,0.14091004754738595
294,0.7214021990136736,-0.8370806753909551,0.26949493709826655,-0.19521544381153352,0.37239883551673947,0.16933197891916
295,0.7032157156501558,-0.8955502720407634,0.4600037473822945,-0.24057637786092714,0.3116302765647744,0.16370777584557628
296,0.7240720811409833,-0.862831847464775,0.3099204221744469,-0.11746175816596305,0.347802037845706,0.18240241939808177
297,0.7534369965820092,-0.9283515406918094,0.40380661776946647,-0.07767400253678883,0.27979912663755463,0.17847917392218893
298,0.7405159705424615,-0.821478966896608,0.4540060562888414,-0.16543116229129542,0.3246521106259098,0.19383634757183799
299,0.772893811375848,-0.7623779491894738,0.29368347236847503,-0.1563465392169042,0.3043959243085881,0.16449779032045242
300,0.7301814084418542,-0.7873990056389799,0.47902371526146553,-0.00862257191332056,0.3463551673944687,0.2442731479401689
301,0.6890236630740806,-0.7868286269632887,0.468170854618167,-0.19539342957894051,0.3043959243085881,0.17904020666951204
302,0.7970799079403351,-0.7887318381639089,0.40734102301622926,-0.12254464911147395,0.30584279475982534,0.19448210373197805
303,0.700656185427307,-0.8476801286762027,0.30518571933386107,-0.14422598025342584,0.3029490538573508,0.15564645515900627
304,0.6723665741333539,-0.8713386086640492,0.40138798031557393,-0.13255467415984845,0.30873653566229986,0.17445144777398292
305,0.7384775948024156,-0.8815975997353108,0.3919076148942728,-0.09285741486786703,0.3781863173216885,0.21610418850335328
306,0.6740593740415689,-0.8456663660574317,0.2500387266279874,-0.06474620113185571,0.30584279475982534,0.16184493047427237
307,0.7082475577658418,-0.799228752167008,0.28353727088084907,-0.12901095272705287,0.30584279475982534,0.1604724220065853
308,0.7286805760340317,-0.76603030110095,0.27549729646574483,-0.09292304733936188,0.30584279475982534,0.17140774599024966
309,0.6353270215346583,-0.8876528456836148,0.230562642932686,-0.0672092503077696,0.34490829694323144,0.16721478792376376
310,0.7145193839911432,-0.8736206690404471,0.38372667084496315,-0.10293259272805078,0.3492489082969433,0.19851334989201314
311,0.7094789475097231,-0.882856959004495,0.25939419199952213,-0.12021454889015089,0.3318864628820961,0.16270602205769397
312,0.6915873748484517,-0.8551775185579393,0.379846446578749,-0.14995185761522872,0.34056768558951966,0.18283260228583811
313,0.7169534973604438,-0.731008288286488,0.23404023961925574,-0.1067918824056554,0.30584279475982534,0.16195597505914278
314,0.7653815127023639,-0.7415198309254947,0.6465552615342737,-0.1809998550545202,0.2913740902474527,0.22109024546339928
315,0.6528621615792783,-0.8668427280894548,0.3106988484955117,-0.07212775990487551,0.3246521106259098,0.1759767849426588
316,0.6997690428848776,-0.7590687842052752,0.3031202861622475,-0.03608381987296598,0.3072896652110626,0.18773643500112666
317,0.703536048113006,-0.7534014593118611,0.36900181636413554,-0.16823039009540758,0.29282096069868996,0.16535798705291432
318,0.7372802608485466,-0.6861364266193662,0.2675611338337036,-0.21753168447001403,0.26388355167394467,0.13119428979767
319,0.676340312477168,-0.7996695550427528,0.20849081674651754,-0.07391158077344195,0.3101834061135371,0.15737998584412355
320,0.7434521515351475,-0.7996306871070109,0.23193355615943712,-0.10400508383108474,0.19443377001455606,0.11292355237185084
321,0.720190295427161,-0.8001933994403923,0.3599728565528288,-0.06511028043503263,0.2595429403202329,0.170872623913218
322,0.6455400339632629,-0.8189480606637803,0.3063402750255237,-0.052873701395370565,0.30005531295487625,0.17201110096861533
323,0.6716687648620249,-0.8158931078198246,0.3930131186659425,-0.06791304405454941,0.27256477438136834,0.17621037251181648
324,0.6781683488350012,-0.8305573828549048,0.23031993943054163,-0.03150175967594117,0.27256477438136834,0.15311566240981173
325,0.6870813970749423,-0.9403138586524971,0.30564826224598357,-0.10280768908240931,0.3116302765647744,0.16049041150770585
326,0.7303038052427953,-0.7835410135902693,0.3134148203845715,-0.11978381495007397,0.3130771470160117,0.17445774911006356
327,0.6600625682006229,-0.7469931147917962,0.306249711101488,-0.12967596161152165,0.2812459970887919,0.15363982603198317
328,0.6583516761696963,-0.8243228124101686,0.33840210143253835,-0.06782284196771228,0.2971615720524018,0.17432845465495145
329,0.7159123427611753,-0.7494031632112366,0.43929814592806987,-0.14353149510059374,0.22047743813682683,0.1553293914037756
330,0.7034154843397274,-0.8529619816711468,0.43224222385953526,-0.044837670851108485,0.2523085880640466,0.18054973212148911
331,0.6629382067486541,-0.7618915600661021,0.23370305572910777,-0.14247091773436868,0.22771179039301312,0.11380146348367
332,0.7165933016345358,-0.8382239568311705,0.24027334284443394,-0.1062848090383871,0.24362736535662302,0.12920797352547245
333,0.6950030613143928,-0.7786731714701266,0.20433240916261647,-0.11982117060223477,0.26098981077147015,0.12903418483276774
334,0.7343643447413842,-0.8652778213249064,0.3665828691886165,-0.09818980105691051,0.26967103347889376,0.16548386777969165
335,0.6798616076290307,-0.8260850670352526,0.22578776150380742,-0.0672282505911635,0.25809606986899564,0.13869940385944535
336,0.6279581930554422,-0.8380676221718049,0.36912769706765847,-0.09177531855156627,0.2740116448326056,0.16119993611011468
337,0.643329087374081,-0.8797203961578138,0.2546636524468434,-0.197366887833165,0.27690538573508006,0.11552091347285086
338,0.6638267134826172,-0.8771772039991792,0.3496738190853377,-0.10283664660075022,0.237839883551674,0.1403796782789429
339,0.727979194397434,-0.8233309797826076,0.22301967391466354,-0.12257163526415528,0.20600873362445415,0.10872083125270827
340,0.671843699797059,-0.848772507315806,0.22533008817762057,-0.09836903660044741,0.265330422125182,0.13224348906559036
341,0.6541455833196707,-0.9218339081753578,0.21729176588033788,-0.11164392312484174,0.2508617176128093,0.11461283151568527
342,0.667112153436779,-0.8487861673607344,0.2386289866237579,-0.11419401431947569,0.2667772925764193,0.13137847149636606
343,0.6296466453455238,-0.7905284994777243,0.19969239732101102,-0.0686412193106459,0.2624366812227074,0.13316643420370067
344,0.643951297148063,-0.7909201070727571,0.1996717779439258,-0.07397415903251744,0.26098981077147015,0.13268373150793483
345,0.6454910253180316,-0.7944591845470437,0.19908785493440767,-0.07926297476956197,0.25809606986899564,0.13006143074892113
346,0.7099147169311215,-0.7867668253895436,0.36768805037595287,-0.11357152871752349,0.22771179039301312,0.148185594636007
347,0.6439989861044619,-0.7860576510629979,0.19783518326148364,-0.08018628054083612,0.25809606986899564,0.13009976268876589
348,0.7107193487372352,-0.7620303332895697,0.22997729578782078,-0.21344943194600619,0.2190305676855895,0.09808375055407668
349,0.6380164896220282,-0.796653571471988,0.1898910459977967,-0.08407083251834473,0.25809606986899564,0.1263799767296961
350,0.6638224003111757,-0.7721917782742203,0.34599734538038557,-0.16563061240750884,0.23060553129548764,0.1303888280243105
351,0.6556320077842976,-0.7976689763041157,0.20008720411336192,-0.09068870675277942,0.2566491994177584,0.12780780413179665
352,0.6289546551963268,-0.8216974197776585,0.20508269710294694,-0.16086632939645518,0.19443377001455606,0.08270047454456923
353,0.6556119353096613,-0.8045014657782285,0.1988619144688933,-0.09883551989802292,0.2566491994177584,0.12524638248479145
354,0.6566086667012208,-0.8531428537122651,0.41188100601385264,-0.139122669203406,0.2523085880640466,0.15118945497770314
355,0.6354795371332858,-0.7646320875081417,0.3562614752699525,-0.06337089807269625,0.2667772925764193,0.16823696030066368
356,0.6754842628365733,-0.7856623335517876,0.22820138435515508,-0.080837514298096,0.22337117903930134,0.12414686590864833
357,0.6523932753601165,-0.817250247230127,0.1967630568787444,-0.10727654163617038,0.24796797671033477,0.11807729841050806
358,0.6501973813361169,-0.8167367081430693,0.19655457469409443,-0.10604904722904938,0.24652110625909754,0.11753720044506216
359,0.6628092406929531,-0.7486817889862473,0.3531992588883659,-0.176927495955707,0.19877438136826786,0.11753544919334981
360,0.6877886854378208,-0.7143201342815635,0.21663257966381277,-0.08206135851762804,0.17996506550218344,0.10994649105726623
361,0.5801301268427567,-0.7097848715398749,0.19617491416319485,-0.11506373129322676,0.1973275109170306,0.09615649991045042
362,0.6542858461615073,-0.8315227915648842,0.20279583126567505,-0.11545981788272722,0.237839883551674,0.11226639000799657
363,0.6335789397192446,-0.7672043236310662,0.3486878766323577,-0.14174440805623062,0.18285880640465793,0.11375389318093579
364,0.6376409423988395,-0.8035123619384423,0.23293887079240058,-0.12827975593428895,0.2262649199417759,0.11075565034554757
365,0.6441663078677542,-0.7915850056199663,0.2005205177764424,-0.1109479695997472,0.237839883551674,0.11484926017942793
366,0.6422806330983055,-0.7944927907838196,0.1999154078274038,-0.10565868032010867,0.237839883551674,0.115524381619164
367,0.6365474035065675,-0.7957052849342972,0.1990980270479371,-0.10911575425215633,0.237839883551674,0.11396635576866508
368,0.6077882802364056,-0.7001483659904034,0.21673367054449008,-0.19627953039609936,0.21758369723435225,0.09369091227227394
369,0.6275444199173295,-0.7914213950479109,0.19628235755297938,-0.11317982158362837,0.23349927219796218,0.11017516096001295
370,0.6306884530296042,-0.7284119934723141,0.24137317991871923,-0.1540161205326171,0.1770713245997089,0.09089435752678565
371,0.6292647155432013,-0.798592493669801,0.20190123940894997,-0.11220040180676155,0.2262649199417759,0.10805695044327576
372,0.6407717341868876,-0.7550698258521078,0.19921767851414884,-0.11456503316289618,0.1770713245997089,0.0907210779037707
373,0.6269093015392309,-0.8007940780942552,0.20167415171408967,-0.11351451120316633,0.2262649199417759,0.10733497473950122
374,0.6284225261752321,-0.7956361839072882,0.2011188557851405,-0.11593153901354311,0.2262649199417759,0.10721426348589959
375,0.6277196915526919,-0.7616027858963519,0.31557956552598837,-0.14917534174917704,0.1929868995633188,0.10993728630939159
376,0.6274501451165977,-0.7925346246623973,0.20298709021208106,-0.11649925664035714,0.21758369723435225,0.10394180533223288
377,0.6607296259100193,-0.7470635962177395,0.21649546998102584,-0.17903061834334977,0.188646288209607,0.08689695202034507
378,0.6210153656222095,-0.7675695643344571,0.2052688718214317,-0.12342571715522709,0.21034934497816596,0.10103627560239761
379,0.6496044113011072,-0.7052021030450896,0.2279083336986124,-0.15298159255113628,0.17851819505094613,0.09268874885067568
380,0.6204026929217782,-0.7791393669144064,0.20417261339565765,-0.13227417094372598,0.21034934497816596,0.09793555861765542
381,0.6167955923041094,-0.7849141219085615,0.20276047989508197,-0.13595447340282066,0.21034934497816596,0.09607768528454365
382,0.6095010315605671,-0.7799365345512546,0.2017551291713528,-0.13725282047534068,0.21034934497816596,0.09527814232025807
383,0.5881813543766385,-0.8362212064405757,0.19193398497567113,-0.22491734048270623,0.1843056768558952,0.056728154413869955
384,0.6094627037537357,-0.7764823092794757,0.20062744881292777,-0.14312459434263136,0.20311499272197966,0.09097348433979766
385,0.6824253533850553,-0.7715755187897514,0.34030645215219596,-0.15850860343453635,0.13511208151382822,0.09269998182967812
386,0.5989344711774087,-0.7801473763301895,0.1995450776817368,-0.14744282231348702,0.20311499272197966,0.0885389699912172
387,0.6128645970027051,-0.7169332462060237,0.23049170570250307,-0.1555574791789051,0.17996506550218344,0.08887402074038914
388,0.5713469407943281,-0.7814229190782734,0.19671500114166068,-0.11643897529993048,0.17996506550218344,0.08254259783862145
389,0.6690104743636334,-0.7160323168992392,0.3190012483436403,-0.19785986843666667,0.17996506550218344,0.10151178135097262
390,0.61405397587258,-0.6960892076750991,0.31831143886329083,-0.14666944150273292,0.14089956331877732,0.09275757909288172
391,0.6041238259872947,-0.783241823501246,0.19894624603506433,-0.16110179762631194,0.188646288209607,0.07957015585233629
392,0.6023650430094122,-0.7882893401233496,0.19846514887935293,-0.16402826103486928,0.188646288209607,0.07828505390348355
393,0.6007152829565879,-0.7947408782221286,0.1979068413158643,-0.1678343461624478,0.188646288209607,0.07669493535486543
394,0.6206610262623314,-0.7715983314173624,0.30974514781266466,-0.183351165160722,0.13945269286754006,0.07735882508654524
395,0.5994819189369067,-0.800732190908976,0.19696053525027335,-0.17333007731904354,0.188646288209607,0.07472698230587722
396,0.5960642811557277,-0.7989115207865968,0.1937465434913421,-0.15836929227345173,0.188646288209607,0.07727726057247516
397,0.6055421923482207,-0.7591500773491963,0.1931965392848593,-0.1528364670279385,0.188646288209607,0.08224953564405178
398,0.6039051751369175,-0.7663678499473141,0.19265848334803382,-0.15739678124925707,0.188646288209607,0.0804390344408362
399,0.6005021480252711,-0.7602413138957409,0.1918890458277979,-0.15771571428488926,0.188646288209607,0.08035516709364124
400,0.691356814220313,-0.7672360818488346,0.2897573442399246,-0.17218685512893744,0.12209024745269288,0.07579153780629523
401,0.6012321660653854,-0.764036186276956,0.19103471282152792,-0.16415907384848427,0.18141193595342067,0.075509851391718
402,0.600600478533311,-0.7663163629386844,0.19052612836552257,-0.16853557295682955,0.18141193595342067,0.07420657896098487
403,0.607767089204964,-0.8275444860151085,0.1889473545454828,-0.20252959018179026,0.13077147016011648,0.041232013783463875
404,0.5748916061623378,-0.7833470107298108,0.3043699953975643,-0.1646631135085823,0.1553682678311499,0.08200273899833085
405,0.6032665749960348,-0.6801186090772482,0.20243369424250898,-0.17225403554227706,0.1553682678311499,0.0713527303970625
406,0.6108913567098431,-0.7006484067291397,0.30697733752306394,-0.14213802457113803,0.13945269286754006,0.09038563343678582
407,0.5668946639248079,-0.7677438391074722,0.20763823666888293,-0.18347811366908487,0.14234643377001457,0.05445119846790765
408,0.5968081014486155,-0.7942190708255439,0.2167048555848094,-0.20264946035728845,0.14089956331877732,0.05213201526619515
409,0.578339074772472,-0.6463519009011444,0.18792746588290102,-0.15574564204398775,0.17562445414847164,0.08093794995540576
410,0.5290953717271079,-0.709900799126182,0.29700230137469724,-0.13490402660042644,0.15826200873362445,0.08959859489741012
411,0.6046610682755023,-0.745220472604773,0.32089440597039176,-0.16573587088904945,0.14524017467248912,0.08627579908272526
412,0.5871180317244198,-0.6646472866747445,0.19098211419599762,-0.11604506019632341,0.1249839883551674,0.06865076732397513
413,0.6194148430713365,-0.7772102713085255,0.29104987606078625,-0.18259695687836586,0.11774963609898109,0.06436713411342593
414,0.574108772087089,-0.6866323225408392,0.21188163707571844,-0.10669916342247333,0.1437933042212518,0.07971700225944804
415,0.5623446861355342,-0.697155055995485,0.15190834658126662,-0.16258989752616143,0.1524745269286754,0.05762704424142179
416,0.5738293112372606,-0.6564564067549802,0.2825579781906219,-0.1740646303117373,0.1437933042212518,0.08022630225950642
417,0.5471880912581262,-0.8321358421925276,0.1637751505032463,-0.1469500745632397,0.12643085880640464,0.041029682914938324
418,0.6072142282847605,-0.6853486274800604,0.2848217176708464,-0.17036443444745514,0.11774963609898109,0.07157906276062825
419,0.5710905518897109,-0.6834185278420895,0.18144884445655052,-0.15104054527992197,0.1249839883551674,0.05612095845032967
420,0.5373282156429999,-0.6873658271327511,0.28034460902601127,-0.1752508717512349,0.14089956331877732,0.07259875951362536
421,0.5769422051071353,-0.6807826063256893,0.3052527071289252,-0.20353277823198188,0.12643085880640464,0.06914607277899412
422,0.6450532618901267,-0.7111342729351113,0.28730262887880637,-0.19843604295628042,0.12643085880640464,0.07106579289560791
423,0.5888855401115787,-0.631568178832137,0.18197716116436974,-0.1927234677285571,0.11485589519650656,0.048175932116304956
424,0.5829080409535672,-0.7388626764607139,0.2734896765692423,-0.18599295199754667,0.1293245997088792,0.06453467542203903
425,0.5362556573273719,-0.7094676529805856,0.17204328623445928,-0.17673971198909638,0.1365589519650655,0.04823061894148939
426,0.5547737314351957,-0.651440441611016,0.16965449729666912,-0.15927809301362214,0.1597088791848617,0.06742631759653289
427,0.5953331980376186,-0.7259269731813685,0.18665647451027928,-0.14114274712493952,0.1365589519650655,0.06330512887099103
428,0.5807622635667591,-0.6720067207043544,0.28298367656024354,-0.1884681164866415,0.15392139737991267,0.0808308204681494
429,0.5417695641115332,-0.6994230089818009,0.17479867166473234,-0.19821913018162907,0.10472780203784572,0.031877536402701405
430,0.577727197812981,-0.7368840624970893,0.2921789235342864,-0.20184210398981303,0.1322183406113537,0.06539485268884576
431,0.5569305570233906,-0.6829953745809865,0.16683745596757282,-0.16286201158624264,0.10617467248908298,0.04153104602674119
432,0.533890400974636,-0.6757531252008558,0.2869298467394725,-0.21030205834346144,0.10472780203784572,0.051388695709853695
433,0.5221015549313812,-0.6769028316571338,0.27131810342269336,-0.16267384925267867,0.1249839883551674,0.06637606454749378
434,0.6011026333407373,-0.7372986132278835,0.2884769521544826,-0.16120779318278447,0.09459970887918487,0.060195016146180266
435,0.5417412881595873,-0.6861623966579049,0.17064104158067492,-0.16659843228509041,0.12064337700145561,0.04580927250802965
436,0.527402107850256,-0.6461972983191038,0.16846416640237213,-0.19281053951271895,0.11774963609898109,0.0399323877821188
437,0.5253797774263499,-0.606748518795187,0.27938744633828205,-0.15593508512763038,0.1365589519650655,0.07976369909704634
438,0.5452284576969676,-0.6932629153155502,0.19450916849465363,-0.18146844645924093,0.13800582241630277,0.05407384546979733
439,0.5030229331069423,-0.6541192170705286,0.27350714965860556,-0.17560494193649223,0.12643085880640464,0.06439328985787279
440,0.5522542203719476,-0.5671219462356681,0.18790484067104304,-0.18696410774885663,0.1322183406113537,0.05917807378947474
441,0.5756421399997672,-0.6159396599859882,0.2679291901624274,-0.19255688959380352,0.10038719068413393,0.058313191573812734
442,0.5115117894270788,-0.7284074698711385,0.15331980255223532,-0.18556579488935868,0.10038719068413393,0.023826974222539807
443,0.5532339471566424,-0.7149986362810283,0.2802534618870377,-0.19852776995945953,0.11196215429403204,0.05470667948375418
444,0.523583195359999,-0.7109510823308696,0.18809249845727824,-0.18858504489384037,0.09315283842794761,0.029127596952970375
445,0.5290174305784008,-0.5467866232033246,0.2909495661698204,-0.19045871269984513,0.10472780203784572,0.06567976453476237
446,0.5128435987992598,-0.6099073895080136,0.25839214395163274,-0.16391451923791922,0.08302474526928677,0.050166242635535485
447,0.5235946505586323,-0.6752020525662535,0.18360653191043746,-0.1804458192493708,0.11485589519650656,0.041840669860725266
448,0.5476607460990952,-0.6670295720249281,0.1900288551306837,-0.1946905126494521,0.08591848617176129,0.030621690583622692
449,0.5117552080228474,-0.6104983167879988,0.1662515984299589,-0.1540414170014048,0.09894032023289667,0.04147244735722119
450,0.5240582235630629,-0.7034504976717548,0.18693915551469306,-0.20145840386328262,0.09170596797671034,0.02602514960665711
451,0.5437980823021452,-0.5322928836810487,0.1528469204584609,-0.15384374265329068,0.09025909752547308,0.04415974599982779
452,0.516809798319301,-0.6463775861683526,0.17383653020674125,-0.1956409068289266,0.09894032023289667,0.031423383731913876
453,0.5416267855588449,-0.5639034664422525,0.26195112989543634,-0.17877727863724976,0.11919650655021835,0.06879104939499076
454,0.5045828846052252,-0.653513071984361,0.15941111597211627,-0.18698021275861643,0.10183406113537119,0.030163124200267392
455,0.504605585677086,-0.6540170201639928,0.13981522204179417,-0.16003241818645358,0.07723726346433771,0.022144070451717804
456,0.5286506367588788,-0.6694299874064654,0.1517083124126285,-0.16238342163533023,0.10038719068413393,0.03469100039576861
457,0.5088645979464603,-0.6517691339927146,0.1700154149077527,-0.19550255713567194,0.10328093158660845,0.03140163825061255
458,0.4990516636319893,-0.5785789338310197,0.2505508311623656,-0.17682153679993237,0.11051528384279477,0.05833419455961355
459,0.5304786978007646,-0.7244915888541792,0.14916182854407614,-0.16905991239522328,0.09459970887918487,0.026385647254275765
460,0.5054097638032727,-0.6394247643125819,0.1532015626179478,-0.17700681045889766,0.08591848617176129,0.025673188633276965
461,0.4962964699380892,-0.6124261026206265,0.1603337434506868,-0.18361489464056233,0.08591848617176129,0.026684766277634657
462,0.5122161592248343,-0.6319458806201637,0.144860357137195,-0.16308576225688545,0.08881222707423582,0.02961695886529788
463,0.5159683276411929,-0.6226470438050627,0.25037578196790333,-0.1613867867402211,0.07289665211062592,0.04432365289808535
464,0.5037025278355056,-0.6681966363159332,0.14939340057913802,-0.15495561141063077,0.09459970887918487,0.03122856134687839
465,0.4645033884092516,-0.6251309242522559,0.1443808348588249,-0.19653424907015116,0.1090684133915575,0.02653853616298428
466,0.4946210317723723,-0.5588907293474645,0.1588577464548128,-0.16905654160223524,0.0656622998544396,0.024982835141447397
467,0.4938853397789826,-0.5440606090380137,0.16501971650382538,-0.20624997135063297,0.07434352256186318,0.02249712498285064
468,0.48786350217150015,-0.6374048362723815,0.14870243635061242,-0.21878223809211456,0.10762154294032024,0.02306818663879192
469,0.4820560760383033,-0.5090471187691046,0.1461745305100227,-0.15510807643568286,0.10183406113537119,0.04336448470128696
470,0.49377716859529197,-0.5533332283929959,0.15067828934562186,-0.18813095341394542,0.07868413391557497,0.02495829400125562
471,0.4585040649918771,-0.6112411505132507,0.14165756482365138,-0.16704111516874154,0.10472780203784572,0.031263376019437523
472,0.5139463914339385,-0.6628432946211364,0.13247550614269196,-0.18519287275302448,0.09604657933042213,0.02323682869012028
473,0.4917117530016998,-0.6319559819012074,0.15482262804601352,-0.17655931624212917,0.07723726346433771,0.021704555732794756
474,0.49376291963539776,-0.5330700056598427,0.16609775535930849,-0.18874499880721385,0.07579039301310045,0.028024011580722166
475,0.5072228352826599,-0.6309894225499523,0.1541831462606003,-0.21161052970806593,0.0700029112081514,0.012249302873580233
476,0.46345438483728535,-0.6449897886115405,0.1387262052081968,-0.18824192727145572,0.11196215429403204,0.026965874299244748
477,0.46083595224671914,-0.5399164695203528,0.16385867779379698,-0.18916301681344144,0.11196215429403204,0.0390486291976992
478,0.4751356287127839,-0.595626394184843,0.1651257368052205,-0.22155014995211,0.07289665211062592,0.012901974046830276
479,0.4877726797341203,-0.6257689587481189,0.16162501308998617,-0.25993566601460505,0.05987481804949055,-0.0028398819815373573
480,0.4567563299639041,-0.5109306859524824,0.13877272679323013,-0.13384806260753224,0.08736535662299856,0.03813233871822968
481,0.48053779083143355,-0.5782564619111368,0.13044015308633877,-0.20075603997297264,0.07289665211062592,0.012789236744762084
482,0.4839264920792423,-0.5875511407948381,0.1443002125489162,-0.23101389787068508,0.07434352256186318,0.008881167862712758
483,0.47063575484587195,-0.5753019077438791,0.1317144344755268,-0.20304858851257748,0.07723726346433771,0.013621116823790858
484,0.46677721652519,-0.5767613676890474,0.160411410048265,-0.20804218872527475,0.06276855895196506,0.011397405699253134
485,0.4720507834653763,-0.577911255776377,0.16022238785168033,-0.24094161913655932,0.06710917030567685,0.006235481524310239
486,0.43613958766235167,-0.6556688753938272,0.13647242836987364,-0.2435917580876616,0.07434352256186318,-0.004963432341113946
487,0.44157336753941195,-0.5457058554878755,0.14214035514475837,-0.20478495209257938,0.06855604075691413,0.011019357075576962
488,0.4527253552812235,-0.5768227929746436,0.12823484541362742,-0.17740156659068929,0.05842794759825328,0.009016823718791322
489,0.46367494964501965,-0.59626635446906,0.14363670795690373,-0.23604399293377382,0.07579039301310045,0.0056818656083154895
490,0.4687395741907482,-0.6036881793362222,0.13829532255742977,-0.1883149291125956,0.08591848617176129,0.019515394266647036
491,0.48231340556726615,-0.58041308768305,0.15094424223794192,-0.19941491155941343,0.09604657933042213,0.026672092991509286
492,0.4648078462641101,-0.5524239591797226,0.13539499705902092,-0.21362842300744547,0.05987481804949055,0.005822794949539047
493,0.4304586338299579,-0.5473424126217963,0.1334925097007097,-0.20434346922289998,0.07289665211062592,0.010132004046812446
494,0.462853372920509,-0.6365956439332587,0.1437303027563384,-0.23609608075663105,0.07144978165938866,0.0008046097417525218
495,0.46715318914200393,-0.5922967755583332,0.1407081804703237,-0.22669160103343522,0.09315283842794761,0.01511510692464324
496,0.47632954557597224,-0.47719748466685036,0.22620314651470408,-0.23032496650668122,0.05987481804949055,0.02591885791585621
497,0.44871420041129967,-0.5233463103057967,0.12694985870157033,-0.21082267292415083,0.06855604075691413,0.009126556474999152
498,0.4763506519369682,-0.6047586291764968,0.1621766371020579,-0.22751928333624205,0.07434352256186318,0.011053800701143479
499,0.4587477017353964,-0.5674906238676088,0.1270957493157986,-0.1710176070148395,0.07723726346433771,0.01936792067750899
500,0.44253507673426756,-0.5726272564509519,0.13040243184856343,-0.20588013859351115,0.09459970887918487,0.017561916099241487
501,0.45217113366687905,-0.5266388638964793,0.12678734980875989,-0.21304294407699906,0.0497467248908297,0.0008016221958609716
502,0.4074748666885705,-0.49155700320183693,0.13677200364324046,-0.2168027001666824,0.07723726346433771,0.0117496080454451
503,0.4303944667307501,-0.5650421639779752,0.12647720333228119,-0.25033684787137994,0.07144978165938866,-0.003402458125435697
504,0.46095922276302276,-0.4756205457078299,0.13548387434763048,-0.2274826549260135,0.028043668122270743,-0.005267044731568939
505,0.4469410718317945,-0.6188123217048872,0.1451147201110638,-0.21749738813322117,0.0815778748180495,0.009285104903617176
506,0.43813273201567193,-0.5295576388283475,0.14186019567549105,-0.22105338565024302,0.06710917030567685,0.007594194916868722
507,0.412881093592238,-0.5362470607405188,0.1403258830847446,-0.21435814225913144,0.05408733624454149,0.00046934917121392583
508,0.39470644309000175,-0.5634349384947167,0.1373949768546042,-0.223558884700939,0.07144978165938866,0.0014036908832050672
509,0.4344035764147864,-0.5252905534433271,0.13609849732198157,-0.1952359990491223,0.0497467248908297,0.00496857720933987
510,0.4434232903541483,-0.4853960647292526,0.13871656269713975,-0.20289211558210352,0.07289665211062592,0.017255562667827618
511,0.4509933294322156,-0.5776046741890865,0.12581693237815975,-0.23217597164829512,0.08302474526928677,0.006394559905658209
512,0.43805250149739705,-0.5831594024537281,0.1256243559092637,-0.242211150571531,0.043959243085880645,-0.013883289728203553
513,0.42569920864050903,-0.5573576483919059,0.13320166627670976,-0.2216620895622627,0.039618631732168855,-0.008927487832132004
514,0.43030242650238437,-0.5295638817438464,0.1339932675932237,-0.20740287019028444,0.05987481804949055,0.005389556534137082
515,0.41583953835890275,-0.5214679270174244,0.123214175788003,-0.22128909007668848,0.061321688500727806,8.83270409300467e-05
516,0.43479956516411844,-0.590643970705066,0.15847246353409308,-0.26495667865254774,0.0700029112081514,-0.002708939288848168
517,0.4229946902914858,-0.48816959474920485,0.12236477353633833,-0.24502050596432234,0.07289665211062592,0.0026114968022265157
518,0.4146766871318009,-0.5661132866585501,0.12870851144485612,-0.23440895720415744,0.05987481804949055,-0.005829438151785441
519,0.41384706401614874,-0.5199315577468033,0.12328062771286437,-0.23268489224773994,0.05842794759825328,-0.003733687140859209
520,0.41513685600046635,-0.5704748742195795,0.14110829062178804,-0.2728224771707334,0.061321688500727806,-0.01174804912809738
521,0.3901531007445325,-0.47578004288690395,0.1263424113158867,-0.2479441119201909,0.05408733624454149,-0.0073489458302795005
522,0.40953324659590706,-0.5110929953404997,0.1280246652573306,-0.23574150775303587,0.061321688500727806,-0.002059910926903278
523,0.4013430636897053,-0.5084238958354704,0.12338195817368981,-0.24554361462752416,0.05987481804949055,-0.00631036451162156
524,0.42028669399006313,-0.47504369078970726,0.12492335679439845,-0.2315145276058896,0.05842794759825328,0.0007709616530354006
525,0.42079670531016955,-0.5597741759806599,0.12373103551289448,-0.2585125035947025,0.05842794759825328,-0.011719925875250118
526,0.3945118365314513,-0.46430247233437416,0.12165840152602436,-0.21398724530239008,0.035278020378457065,-0.007260078838855773
527,0.3975216057677221,-0.46504869035960555,0.12068211912754276,-0.2538439337156063,0.061321688500727806,-0.005218071632350576
528,0.3913878161216872,-0.525220778445093,0.11486259744097435,-0.22600311000020973,0.06421542940320232,-0.003916342885959736
529,0.3846970078911541,-0.4686943614425007,0.11773820921052022,-0.25912142218059225,0.048299854439592435,-0.01388942520164749
530,0.3946062138326536,-0.5018578519090604,0.12047742623577948,-0.2375266198818748,0.07289665211062592,0.00023949767456333745
531,0.40355937521125534,-0.48886383452007093,0.13172850752810128,-0.26750411935630763,0.0338311499272198,-0.0188953325705621
532,0.3759596995597365,-0.4083955674144409,0.11864507267834984,-0.21711718298250224,0.04685298398835517,-0.0012886647624724724
533,0.3993028251066266,-0.5327766891692328,0.11502363401735305,-0.2571909173503009,0.04106550218340611,-0.020371423936750517
534,0.3867649200146393,-0.4866909218967706,0.112567956585136,-0.23186646589775672,0.04540611353711791,-0.011122930812885554
535,0.38772635862864063,-0.48420763724783433,0.11758826612207841,-0.2633258889492752,0.026596797671033484,-0.02481352629037209
536,0.4012154941796989,-0.465487262406399,0.11721949145384453,-0.2453586475204167,0.0497467248908297,-0.008508687411260627
537,0.39259503950188346,-0.482024834862829,0.12113799942594992,-0.23659667416292138,0.03817176128093159,-0.012695469088377178
538,0.41190427049297385,-0.4690808939278167,0.1166055469997334,-0.23175835390888025,0.022256186317321694,-0.01635853478810224
539,0.3983492485802605,-0.49457847233430674,0.12276813104286367,-0.25073112314443347,0.0497467248908297,-0.011086077063478552
540,0.3706590354053095,-0.49921592878518134,0.10608516250070699,-0.23467770445644084,0.051193595342066966,-0.01299931358287713
541,0.3751987991646438,-0.5075822040652204,0.11353572520358078,-0.24541472224670893,0.0497467248908297,-0.01478922406675862
542,0.39121167550194685,-0.4484171666236375,0.11747715336633562,-0.25973638930787235,0.028043668122270743,-0.020445894478510408
543,0.4007920499485351,-0.5389149892222548,0.12168175582894296,-0.2588745138458941,0.028043668122270743,-0.025258444621409918
544,0.37148035786677974,-0.42186851758924054,0.11879294173975773,-0.24578417549835654,0.03817176128093159,-0.012728195977423754
545,0.369415434930492,-0.423302395215458,0.11842401963802067,-0.24774635160511504,0.03817176128093159,-0.013537645806611143
546,0.3683755526596948,-0.4501434661047856,0.11276342141505402,-0.2736573572304726,0.026596797671033484,-0.027337425239004745
547,0.3540924941240931,-0.38165686795124787,0.10311999987117719,-0.23987534092574533,0.048299854439592435,-0.008788379078212814
548,0.3642132108855933,-0.4321770362339235,0.11598016011534441,-0.2488689198221551,0.03672489082969433,-0.016004843412641655
549,0.38636433033028694,-0.4415826783921061,0.10952481239664613,-0.25962060242273877,0.03238427947598253,-0.020056086812443516
550,0.36143444775480843,-0.4369913464072309,0.1154107662766079,-0.25352244974248445,0.03672489082969433,-0.01777173643339698
551,0.3694276263710105,-0.3989406197296871,0.10914594604923879,-0.22192746152444268,0.05408733624454149,-0.0010453309451311024
552,0.3855734632678865,-0.4593451577110323,0.11543233297054366,-0.23444391229100583,0.02514992721979622,-0.017730287086785188
553,0.35723287137669385,-0.42707767120639295,0.11474509848075898,-0.25841041847224133,0.03672489082969433,-0.018652434287651412
554,0.35650503107141013,-0.4287407239498349,0.11450016197885926,-0.2577325538100141,0.03672489082969433,-0.018738993651122082
555,0.35577981361407335,-0.4343814329453655,0.11425610813102044,-0.26082370786461107,0.03672489082969433,-0.019962581964225477
556,0.34282880744032934,-0.45408807294457554,0.09926942296514674,-0.26001451501349443,0.03672489082969433,-0.025296427845751798
557,0.35778889460872476,-0.45392192083877475,0.11110552000494273,-0.2671789054759685,0.0338311499272198,-0.02444972137060611
558,0.37121787654591787,-0.3722869385069271,0.11359894716858455,-0.24299914343149293,0.0338311499272198,-0.011257927245937424
559,0.3634034644805331,-0.37256975497802713,0.11342572479040637,-0.253917466418617,0.03672489082969433,-0.013277671359948999
560,0.32642582508400897,-0.3918152927570062,0.10913747238525506,-0.24371491638955933,0.02514992721979622,-0.02156864138867473
561,0.3561970087173093,-0.478579083561758,0.09269024528409439,-0.2263698561355503,0.0338311499272198,-0.02078306033684442
562,0.3254322020536853,-0.33824259732939677,0.10450395203790827,-0.23834830293081158,0.019362445414847163,-0.019794559085599277
563,0.35055880739617024,-0.39128496102368143,0.10485326009275028,-0.23762595708625356,0.035278020378457065,-0.014459313415583291
564,0.34912910553911825,-0.4397333697486913,0.08689840362570851,-0.2148250378372898,0.048299854439592435,-0.01102423035348862
565,0.3400963249547867,-0.3793107217463383,0.09230165933287701,-0.2288772486855239,0.02949053857350801,-0.017400464607773624
566,0.35452786348702386,-0.357648527510746,0.11105701157429214,-0.24554861162572558,0.020809315866084428,-0.01825333683087393
567,0.320997129962182,-0.3700818472021929,0.09211880330654765,-0.21812915832059318,0.022256186317321694,-0.019179649752805252
568,0.3499771828042562,-0.4518140352475249,0.10964355765025961,-0.2694078846644381,0.04540611353711791,-0.02095593635748895
569,0.3452368107175215,-0.42367271336333245,0.08807806733728343,-0.25534545660989927,0.026596797671033484,-0.02813139028802212
570,0.33924179682550126,-0.38337791730517523,0.10868075677542599,-0.22743902842440633,0.026596797671033484,-0.015575909138341393
571,0.3547789245942178,-0.3592025670873338,0.11559605992202462,-0.2076605844667847,0.042512372634643386,7.776890903493996e-05
572,0.3182526103314968,-0.3839949246739697,0.09389486041830672,-0.24056982882587202,0.02514992721979622,-0.023938945439961584
573,0.3342941146176222,-0.34113698155817884,0.09153774559812314,-0.24583312064211124,0.010681222707423582,-0.02693560583462375
574,0.31695332278560057,-0.3698993778823591,0.08850001229020785,-0.24675781228429058,0.019362445414847163,-0.027845680502134502
575,0.32630128094136623,-0.3273971208537405,0.09464539032948852,-0.22694793440915412,0.019362445414847163,-0.018224105082310562
576,0.31195416734778664,-0.38651306180006717,0.08980326135193467,-0.25478615964070156,0.017915574963609897,-0.03170268320913279
577,0.29911268595926144,-0.4074078639379082,0.10107690423342111,-0.2679226723779938,0.02514992721979622,-0.032236434143111586
578,0.31398163385683303,-0.3618847129532548,0.07878685892584178,-0.18599639694895642,0.026596797671033484,-0.01275120537651244
579,0.3161217413263519,-0.3333874974121816,0.09241110525034345,-0.19857922049246438,0.04106550218340611,-0.0046145532974294495
580,0.31919428330147204,-0.3700070174685321,0.10100580866857539,-0.18057650328433578,0.019362445414847163,-0.010478756770352603
581,0.3214182345440249,-0.36196375855552715,0.07659861537903727,-0.17741312563578787,0.017915574963609897,-0.014187114112819466
582,0.303586497560774,-0.3932453700145737,0.09320592665917854,-0.18611735644994556,0.03238427947598253,-0.0109304963644095
583,0.3199406095475312,-0.4042156039853352,0.1082148344606961,-0.22616603633750168,0.039618631732168855,-0.013287669323764049
584,0.3127709471387712,-0.3274882993698375,0.08744060381237137,-0.22196969313586842,0.03238427947598253,-0.01430059468794273
585,0.28369060908822646,-0.35431003004085543,0.08779284268961876,-0.21173028862871301,0.017915574963609897,-0.022734680384582092
586,0.31181898514424194,-0.37958118924687956,0.08921058551912013,-0.21853700648094607,0.017915574963609897,-0.023208291530833865
587,0.31109955023728114,-0.32856759078174014,0.08780345318361543,-0.196784469946925,0.017915574963609897,-0.01489921868945002
588,0.2971847928476706,-0.33591997455538547,0.09190100130064278,-0.1983812590397067,0.015021834061135372,-0.01755047669496715
589,0.2858051922034324,-0.36472778167275166,0.08496177481403262,-0.24204019027028345,0.026596797671033484,-0.026983118044518813
590,0.28280979552365443,-0.37030338025945253,0.07533650404151272,-0.2065701492338213,0.02514992721979622,-0.022173238756254855
591,0.2764693069106124,-0.35446186693965426,0.0756493322169291,-0.23534752478094872,0.017915574963609897,-0.031004128841387566
592,0.2905465543261213,-0.3638482798376473,0.08632492340586005,-0.24318818327187564,0.022256186317321694,-0.028288248965650704
593,0.2822234423434096,-0.3750928945920272,0.07751853924780142,-0.20025450382021465,0.0338311499272198,-0.017121638431715887
594,0.26814164391963324,-0.2986919796784472,0.07331170960390493,-0.21875664398877775,0.02514992721979622,-0.02135960143060369
595,0.28107922077161984,-0.3371034681508015,0.07838070613641876,-0.2178739621459619,0.026596797671033484,-0.021223016562057613
596,0.2756711394550907,-0.2994243694815147,0.0781637501813486,-0.224091663527683,0.019362445414847163,-0.023403927135917973
597,0.28205599309719154,-0.3751369298548105,0.07400986353096835,-0.21176824333045705,0.017915574963609897,-0.027046263298484693
598,0.26291650967664026,-0.32127403439838487,0.08815995976322716,-0.22949543725025673,0.016468704512372638,-0.026755608082054343
599,0.27662076200680835,-0.3367253125243218,0.08294995580780341,-0.2269628614860352,0.019362445414847163,-0.025814496251252168
600,0.2671227459087909,-0.3388638749175156,0.08363587633929322,-0.1960166848678176,0.016468704512372638,-0.021031182407687872
601,0.27332882011447895,-0.2911355674564333,0.07887018118380845,-0.1893832095593591,0.015021834061135372,-0.016934428545349836
602,0.27105408768627864,-0.29066703035091435,0.08981658871191898,-0.22960439104312966,0.0034468704512372636,-0.02888740480205703
603,0.2515162998710848,-0.3085551264176198,0.07437030129246726,-0.21128810290774686,0.016468704512372638,-0.025424511514218567
604,0.27677605563779323,-0.30765853706343477,0.07530820119777347,-0.24628131029985062,0.0034468704512372636,-0.03607902088510366
605,0.25726739547589206,-0.2997017086174684,0.08126280414973693,-0.22995880895831505,0.010681222707423582,-0.029522639631372975
606,0.25780534439379427,-0.3383073564155471,0.07056138497813227,-0.21238869555767,0.019362445414847163,-0.02678945493852394
607,0.27405605247317166,-0.37457227177167945,0.07064117067673027,-0.21945801203691903,0.023703056768558953,-0.02769073065372938
608,0.2787290353444168,-0.33393157536048335,0.07333635292492308,-0.2102606798465865,0.016468704512372638,-0.024704043763673425
609,0.2675958819383118,-0.2975594787587334,0.07944209103590093,-0.2107204271144919,0.016468704512372638,-0.022007833532456757
610,0.2571143017431606,-0.31188173590530033,0.07010277614211231,-0.2232729598699353,0.017915574963609897,-0.028023820892686183
611,0.2554814944218318,-0.31693268366407334,0.07083875901935172,-0.2084379357514459,0.02514992721979622,-0.02206480051742051
612,0.24788663864081587,-0.3002094122996034,0.07441635539630977,-0.1858866303346915,0.019362445414847163,-0.018247510397732387
613,0.2647566556388751,-0.29045930527060343,0.07383220207576369,-0.2047427352901624,0.022256186317321694,-0.01904913445593773
614,0.261924153383732,-0.2835258459968517,0.06981746170708863,-0.19653033997035554,0.009234352256186318,-0.02318062184819023
615,0.23081252055471319,-0.29117011494765593,0.06371239990454604,-0.19688502604970365,0.016468704512372638,-0.024883543117967685
616,0.2465657173672494,-0.26746602687352156,0.06577180030663404,-0.186055258205182,0.017915574963609897,-0.018225001862350324
617,0.2532621011517565,-0.28378268206066126,0.06938810353988684,-0.20692980795268498,0.012128093158660846,-0.025210779474801687
618,0.22610235194477343,-0.32894462609871233,0.06471924653135808,-0.20621012412821846,0.02514992721979622,-0.026383844707733063
619,0.23632403179142164,-0.2882510214735451,0.06703950801949403,-0.1915131056313114,0.017915574963609897,-0.021711127832347712
620,0.2473551283658296,-0.2746583679289862,0.06557214543670122,-0.1916059218275846,0.0034468704512372636,-0.02602367046151273
621,0.22196460469126966,-0.26192459019239067,0.06636568634756994,-0.21485838609648697,0.023703056768558953,-0.024038121052520726
622,0.2262228717561499,-0.24755054923411476,0.06239368727567441,-0.2070817346435689,0.010681222707423582,-0.02703917735792329
623,0.2249652741699458,-0.2366563328217788,0.06236520088314694,-0.20500571800121897,0.015021834061135372,-0.024073515282414047
624,0.21437246251912753,-0.2582328828921473,0.06605232328986095,-0.20797919302943935,0.016468704512372638,-0.026032231381266653
625,0.20588757266687005,-0.22044241028620054,0.06312415764970221,-0.1741866213490092,0.009234352256186318,-0.020060922282076756
626,0.20411060050039304,-0.2637821972383221,0.061909458094749334,-0.21720430603300828,0.026596797671033484,-0.026014173974659473
627,0.21268637793407805,-0.3036193227426356,0.061328252185626445,-0.19548321143559885,0.022256186317321694,-0.025227719475961658
628,0.21789192626932558,-0.23734729460400886,0.06693156691355008,-0.2213321551296774,0.009234352256186318,-0.030003562752703054
629,0.2161105970396629,-0.27965284522842854,0.0649456469758471,-0.22162358643923724,0.017915574963609897,-0.030109196023438953
630,0.20196581518317738,-0.21952811629529068,0.06668096923872487,-0.21749731089999022,0.007787481804949054,-0.02998134683793476
631,0.2049447570617893,-0.22333083923730376,0.0626224185705447,-0.2042384430142978,0.010681222707423582,-0.026572450491983687
632,0.209813487254763,-0.23554126221038227,0.06355090983206502,-0.22562962623656865,0.016468704512372638,-0.029201043936514633
633,0.21126582493174492,-0.24504732252137484,0.06302227862908709,-0.22278593166258315,0.002,-0.0352937240568363
634,0.19265359358002299,-0.21205301102375182,0.06543773946800993,-0.21963737213947035,0.010681222707423582,-0.029807058672552383
635,0.18454214971231309,-0.2077205262477194,0.054926115501459705,-0.1805362284513044,0.009234352256186318,-0.024101288620500212
636,0.17420657708650783,-0.17606380824348167,0.056139477552997426,-0.20080520135123256,0.017915574963609897,-0.023396992348865317
637,0.19225944828845037,-0.25210302105850985,0.05193630800938039,-0.19290291473793061,0.009234352256186318,-0.029991922893483246
638,0.2104579175351868,-0.223072524357261,0.0589430770850867,-0.2042140314753297,0.009234352256186318,-0.027329853536736837
639,0.16863555272637068,-0.1948002024604448,0.05786461476303378,-0.2089034750484339,0.009234352256186318,-0.030431714849543833
640,0.19068791578735816,-0.2398505707471017,0.057486328479760665,-0.20584818016133796,0.022256186317321694,-0.025622522499192408
641,0.15395244985989448,-0.1743465418024152,0.056213817416493776,-0.19212723342699164,0.009234352256186318,-0.0268619176144422
642,0.1624807229171273,-0.20751314427107354,0.057298707819671106,-0.20372776463798337,0.002,-0.033934151698354696
643,0.16372230421618272,-0.21877362771532638,0.05402760607307447,-0.2073236171929426,0.009234352256186318,-0.03304311271666461
644,0.18234637732905812,-0.21791562294805136,0.05327257890250887,-0.18671226441888747,0.0034468704512372636,-0.02918179590515854
645,0.17329742679986945,-0.18347359589838286,0.062409879854971116,-0.22419589703485374,0.016468704512372638,-0.028682512906750307
646,0.16930517494215722,-0.18881235913762232,0.05835595627266736,-0.19870976467296095,0.016468704512372638,-0.02452199113024333
647,0.16983557380817968,-0.20051568537695355,0.06151381968643711,-0.21851191761094813,0.002,-0.035231166941723686
648,0.15657510356636423,-0.20381034442950124,0.055405773459973016,-0.21544421426135305,0.002,-0.03719459347719611
649,0.15747495427595912,-0.17594496036273008,0.054628758851158754,-0.19164137918558202,0.002,-0.029869933751058897
650,0.15506360652856874,-0.19971189475400147,0.05306770328297634,-0.21070550317257197,0.009234352256186318,-0.03338530248854032
651,0.16413559801354127,-0.18282889417966525,0.047288963656579405,-0.20238034424175183,0.009234352256186318,-0.030510332784550353
652,0.14459546245489457,-0.18696342663911794,0.04965270607288335,-0.19644469480780796,0.002,-0.03391558586539512
653,0.1437374632359482,-0.1733150367830694,0.04962288353000431,-0.2170860727706432,0.009234352256186318,-0.0345760702244615
654,0.1574829228895141,-0.18623073093362452,0.052066617002233764,-0.23229793492846937,0.002,-0.040206846232816416
655,0.12997260452630072,-0.15995126699076262,0.04629305899756472,-0.19919440257327797,0.002,-0.03454362944188626
656,0.1435892268947089,-0.15883747967599324,0.05037782114110684,-0.22471167350804028,0.009234352256186318,-0.03508003435130611
657,0.13342366665519972,-0.17244786635371562,0.05576042846232379,-0.22766180812065334,0.009234352256186318,-0.03668868752137022
658,0.14674262371972818,-0.1445749801843044,0.04860541788172977,-0.20829471249886836,0.002,-0.03342099442281413
659,0.13210333522043513,-0.14696154350421362,0.045836678812964445,-0.2026394929872895,0.009234352256186318,-0.031206455688358104
660,0.1264943616767508,-0.1520019114535461,0.0485871433277634,-0.22343022968880755,0.002,-0.03926837754229994
661,0.13741911564937653,-0.16020138778032125,0.04739538959076224,-0.20186518669769593,0.002,-0.03424877313769381
662,0.12627030152434376,-0.16412725323820695,0.046861326748364095,-0.2296870128083034,0.002,-0.041913117207555126
663,0.12272421293568235,-0.12778522443081675,0.048361345531518336,-0.20440817469279024,0.009234352256186318,-0.030588469035111778
664,0.13827850017072896,-0.17574436039409247,0.04531034004066819,-0.20936456180275617,0.002,-0.037390297694454525
665,0.1289233343822729,-0.16853242511861635,0.048769638025271136,-0.2137396048820456,0.002,-0.03806240697563377
666,0.11592915055252787,-0.15435700837729385,0.04199798454404489,-0.22028653274431004,0.007787481804949054,-0.03855748324106003
667,0.10192438512116125,-0.13132474168276653,0.042451138008178166,-0.19819713349832074,0.002,-0.035571350195304045
668,0.13037503929261005,-0.15623294387375877,0.0443300250808153,-0.20863325239606775,0.002,-0.03671206461687223
669,0.11694314532894039,-0.1424189882986373,0.0472361861369968,-0.22185952041925097,0.002,-0.03936336340630407
670,0.11963491902525439,-0.14875409012401677,0.04446984368135672,-0.2325478757817943,0.002,-0.04249194072389206
671,0.0995773340611144,-0.15360044748867263,0.04402510768520535,-0.20691623689032557,0.002,-0.0390948250179338
672,0.11551346864390379,-0.15585480612872593,0.04064068407313855,-0.2029525373813458,0.002,-0.03751275421087214
673,0.08827536304808074,-0.15157673774062064,0.039824017050067384,-0.20949381022609911,0.002,-0.04138138006138178
674,0.10388922386809046,-0.13022479739643647,0.0375056228773972,-0.21296797210027152,0.002,-0.03954266178686427
675,0.09044116967987262,-0.13856575718648756,0.04051779797762655,-0.22975047519050218,0.002,-0.04461179412210132
676,0.10036899813679484,-0.12536979485189118,0.037426642007146585,-0.21604733288670813,0.004893740902474527,-0.039006199360919834
677,0.1032831511926643,-0.11972659766542275,0.04179439559224945,-0.20286833017047318,0.002,-0.03575280005118687
678,0.09877049833902765,-0.1468433809377056,0.042626757575306665,-0.22516802714376755,0.002,-0.043016089518124
679,0.08778397158757265,-0.13295253995766576,0.03917051952276565,-0.21051023405391706,0.002,-0.040398967222820346
681,0.07907494789307587,-0.11677400982601217,0.03906715839036872,-0.2140844476672698,0.002,-0.040840522820503794
682,0.07370159667761957,-0.12474535685527312,0.03630572864668093,-0.21573981366446418,0.002,-0.04282999451664867
683,0.09010994148014423,-0.12218641206172502,0.03825849034403272,-0.21042309827179212,0.002,-0.03953510166417519
684,0.0764564964511903,-0.12715798224464453,0.03796448542807243,-0.2132259197014087,0.002,-0.04187315375279974
685,0.07111050071761471,-0.0985937589923486,0.03822108582333295,-0.21395146810862845,0.002,-0.04037505721600391
686,0.07506756599483047,-0.11650441912305383,0.037726116136039906,-0.21487941704805583,0.002,-0.0416297654723874
687,0.06916668887261081,-0.09461666812485786,0.03749191955563134,-0.21243551181120662,0.002,-0.04006263341814174
688,0.0747156525537104,-0.10744204463493985,0.03742042987170169,-0.214936656139938,0.002,-0.04106224799062457
689,0.06426597743484323,-0.0906985532946042,0.0375097130738468,-0.21445031302354672,0.002,-0.040681674073789954
690,0.06627209949472458,-0.1140056325910476,0.033003815384923446,-0.21150398624391142,0.002,-0.042412174448004096
691,0.06440217754825413,-0.09197615534582554,0.03665712761082936,-0.21050577029940903,0.002,-0.04004263932434766
692,0.06458364839544264,-0.1037156573298046,0.0361659850557987,-0.2114676829747354,0.002,-0.041203103252382724
693,0.0599975114454611,-0.09744265439912037,0.03595313601230047,-0.21389456032822662,0.002,-0.04175379788268659
695,0.044979710478032564,-0.05784921446075423,0.03897043563026417,-0.20807579048209018,0.002,-0.038365303234528955
696,0.03162651195963837,-0.03447346326438666,0.03546348930974647,-0.21218579850147232,0.002,-0.039475025620803954
697,0.04325161826877274,-0.06034057828173412,0.03188342144149122,-0.2156727123104218,0.002,-0.04175162834213955
700,0.0357900315249521,-0.05159501798929127,0.0310208663368039,-0.21597423947715078,0.002,-0.04203790448178708
701,0.02243297963189409,-0.03206357222188951,0.03438905302494443,-0.21716917519487358,0.002,-0.041480912759599704
702,0.017629542453650733,-0.021985108066030587,0.03411376578599495,-0.21560542190344525,0.002,-0.040889661247074265
703,0.017539044302578008,-0.022866548425105583,0.034035439343096406,-0.21724763937084585,0.002,-0.04134551712159358
706,0.011252838900146944,-0.02254202022644481,0.024918689603827537,-0.20932228518175508,0.002,-0.04186589851751285
708,0.007869312457140423,-0.024496601129882146,0.008273850072104443,-0.18708693170044488,0.002,-0.04050499136110168
709,0.008126168157204683,-0.029301844432677443,0.020175472429298826,-0.21010477052206503,0.002,-0.043733322099760434
711,0.002,-0.023198502009565768,0.002,-0.18015042501941692,0.002,-0.04059750401582293
712,0.00491537260706196,-0.002,0.007241371625634983,-0.18776845126003247,0.002,-0.03946470439210386
